node_id,latitude,longitude
20973982,53.2156714,8.6520632
20973983,53.2228475,8.6458068
20973984,53.2300056,8.6415841
20973985,53.2402391,8.6376088
20973986,53.2490619,8.6358268
20973987,53.2600457,8.6356746
20973988,53.2702855,8.6361298
20973989,53.2774468,8.6343721
26022298,53.2279589,8.6426396
26022299,53.2273156,8.6427941
26082972,53.2281611,8.6446575
26082973,53.2277142,8.6447235
26082974,53.2274923,8.6421527
26082982,53.2273777,8.6344075
26083003,53.2293124,8.614668
26083008,53.2289254,8.6048643
26083009,53.2282839,8.6027184
26083014,53.2253536,8.5950841
26083016,53.2253081,8.5940216
26083019,53.2230718,8.5932479
26083022,53.2199417,8.5897553
26083025,53.2172184,8.5866928
26083027,53.2163383,8.5894431
26083029,53.2189697,8.5921355
26083046,53.230553,8.595171
26083048,53.2319703,8.5951961
26083051,53.2313208,8.5910834
26083053,53.231258,8.5768637
26083057,53.2311067,8.5727789
26083060,53.2310288,8.5697351
26083061,53.2310597,8.5649341
26083062,53.2311564,8.5624601
26083063,53.2314307,8.5579134
26083064,53.231886,8.5504706
26083065,53.2320007,8.5478026
26083066,53.2317286,8.5457002
26083067,53.2308437,8.5435698
26083068,53.2293139,8.5415049
26083069,53.2271537,8.5386785
26083070,53.2254603,8.5365624
26083071,53.2240951,8.5346755
26083072,53.2234946,8.5335124
26083073,53.2231089,8.5325351
26083074,53.2224725,8.5300032
29765883,53.2346471,8.5272962
29765884,53.2340629,8.5266895
29765886,53.2331417,8.5265574
29765887,53.2326536,8.5267399
29765888,53.2321755,8.5271292
29765969,53.2467278,8.5934865
29765970,53.2484483,8.5949349
29765972,53.2511395,8.5961471
29765973,53.2528501,8.5968769
29765974,53.2544758,8.5977029
29765976,53.2577878,8.5996556
29765988,53.2716718,8.5988884
29765992,53.2715702,8.5968197
29766153,53.2288595,8.5881845
29766165,53.2238138,8.5341659
30501890,53.2251738,8.6440626
31435449,53.2338787,8.5138541
31435450,53.2334972,8.5139306
31435551,53.2558817,8.5637789
80216617,53.2288824,8.6511231
80218285,53.2380462,8.6541512
80218288,53.2439146,8.6556657
80218295,53.2439955,8.6571495
91345146,53.2286987,8.6561941
91345150,53.2285216,8.6507883
91345151,53.2280952,8.6475984
91345154,53.2277392,8.6449316
91345590,53.2287231,8.6510029
91345591,53.2286204,8.6509514
91346494,53.2286061,8.6514463
91346495,53.2286563,8.6511917
91346496,53.228754,8.6511231
91348009,53.2280923,8.644782
91348011,53.2284838,8.6445876
91348012,53.228833,8.6443054
91348013,53.2290684,8.6439685
91348014,53.2291666,8.6436564
91348016,53.2292649,8.643106
91348017,53.2293566,8.6425144
91348018,53.2295617,8.6420391
91348019,53.2297158,8.6418733
91348020,53.2299377,8.6417307
91348662,53.2256094,8.6435786
91354722,53.2298931,8.6651459
91354723,53.230836,8.6696181
91354725,53.2308255,8.6709332
91354727,53.2300977,8.683503
144098166,53.2281787,8.6425254
237797115,53.2094471,8.6602649
252416598,53.2313082,8.5444755
252416599,53.2327925,8.5412831
252416600,53.2317139,8.534333
252416601,53.2314176,8.5279705
252416602,53.2248235,8.5330641
252416603,53.2254199,8.5341689
252416604,53.226024,8.5351304
252416605,53.2270688,8.5362933
252416606,53.2285115,8.5377868
252416607,53.2294819,8.5391323
252416608,53.2305878,8.5408736
252416609,53.2319437,8.5431963
252416610,53.2294941,8.6078989
252416611,53.2300754,8.607758
252416612,53.2306822,8.6073571
252416613,53.2312594,8.6068711
252416614,53.2318266,8.6060708
252416615,53.2322749,8.6052573
252416618,53.2353467,8.5979496
252416620,53.2356958,8.5955707
252416621,53.2357281,8.5949058
252416623,53.219027,8.6488039
252416625,53.2172561,8.6504449
252416627,53.2130008,8.6551828
252416629,53.2079077,8.6629068
256327746,53.2227917,8.6048187
257595046,53.2425274,8.5579879
257595056,53.2432266,8.559485
257595068,53.2445012,8.5635489
257595070,53.2448172,8.5615979
257595228,53.2650565,8.5995404
257595231,53.2625027,8.5957341
257942386,53.2811288,8.6324448
257942401,53.2794796,8.6334174
257942472,53.2749771,8.635235
257942490,53.2738871,8.6355406
257942492,53.2724169,8.6358582
257942522,53.2675421,8.6361886
257942530,53.2643544,8.6359969
257942603,53.2584295,8.6355389
257942608,53.255408,8.635451
257942616,53.252665,8.6355143
257942633,53.247039,8.6361005
257942744,53.2367752,8.6387099
257942889,53.2270776,8.6408558
257943039,53.2262886,8.6427296
259251678,53.2159594,8.5852738
259433224,53.2166566,8.6735822
259436346,53.2113744,8.6479017
259436347,53.2124436,8.6489059
259436348,53.2135868,8.6500115
259436349,53.2154247,8.6517641
259436350,53.2158512,8.6521589
259436351,53.216394,8.6528019
259436352,53.2166788,8.6532123
259436353,53.2179154,8.6558486
259436354,53.2185818,8.6572531
259436355,53.2193524,8.6588076
259436356,53.2200192,8.6602528
259436357,53.2203706,8.6609678
259436358,53.220564,8.6612741
259436359,53.2210465,8.6618014
259436363,53.2205597,8.6726503
259436587,53.2229912,8.6629977
259436588,53.223598,8.6633185
259436589,53.2260469,8.6641522
259436590,53.2271376,8.664495
259436591,53.2278721,8.6647295
259437173,53.2126598,8.6553849
259437182,53.2103721,8.6585779
259562241,53.2244651,8.663635
259698681,53.2236261,8.5337941
262208557,53.2297712,8.4944949
265630486,53.2257897,8.6220941
265630487,53.2263346,8.622877
265630488,53.2272727,8.6235467
265630489,53.228083,8.6236089
265630491,53.228267,8.6237117
265630493,53.2291579,8.6258965
265630495,53.229553,8.6264625
265630496,53.2298163,8.6269608
265630499,53.2313199,8.6320926
265630500,53.2316526,8.6336496
265630501,53.232359,8.6353869
265630502,53.2325229,8.6358575
265630504,53.2274889,8.638981
265630510,53.2298369,8.6334133
268331007,53.2341034,8.5139196
268331008,53.2342519,8.5142039
268331009,53.234404,8.5149366
268331010,53.2345007,8.5154992
268331013,53.2348676,8.5194064
268331014,53.2347209,8.5201426
268331015,53.2339428,8.5218269
268331016,53.2333504,8.5227525
268331017,53.2331416,8.5233116
268331018,53.2330712,8.5257152
268332382,53.2491478,8.5857624
268332383,53.2449134,8.588778
268332385,53.2436574,8.5907834
268332569,53.2495709,8.5954779
268332570,53.2511566,8.5904709
268332783,53.2517106,8.5819324
268332784,53.2536297,8.5774838
268332897,53.2538351,8.5765396
268332898,53.254979,8.5682409
268332899,53.2548571,8.5686372
268332900,53.2537324,8.5760246
268845882,53.2545746,8.6050339
268845883,53.2534637,8.5971694
270168129,53.212687,8.5998364
270168147,53.2160161,8.5853358
270168151,53.2157954,8.5862958
270247482,53.2338088,8.665572
270247484,53.2337321,8.6664764
270689571,53.2296249,8.495989
270689572,53.2293437,8.499427
270689573,53.2292181,8.5021063
270689574,53.2292055,8.5036834
271849191,53.2421622,8.6549248
271899153,53.2719313,8.6089394
271899166,53.2723426,8.6071643
271899169,53.2724478,8.6058657
271899173,53.2723695,8.6040101
271899174,53.2722092,8.6023336
271899175,53.2720044,8.6012744
271899182,53.2713333,8.596693
271899191,53.2708372,8.5967874
271899203,53.2619374,8.5880769
271899221,53.2572369,8.5892741
271899230,53.2571619,8.5923023
271899235,53.2528086,8.5923122
271899244,53.2487294,8.5847402
271899250,53.2467243,8.581089
271899253,53.2458186,8.579415
271899254,53.2452513,8.5790209
271899255,53.2448918,8.578865
271899257,53.2442164,8.5791351
271899258,53.2416445,8.5814493
271899262,53.2466032,8.5808456
271899264,53.2470034,8.5815507
271899268,53.2425532,8.5726545
271899269,53.2424478,8.5716998
271899273,53.2414012,8.5699001
271899276,53.2402838,8.5680552
271899285,53.2383349,8.5649066
271899286,53.2382093,8.5634385
271899291,53.2383685,8.5617611
271899292,53.2385586,8.5600505
271899294,53.2385226,8.5593495
271899296,53.2383785,8.5567254
271899299,53.2392487,8.556206
271899303,53.2402405,8.5554308
271899305,53.2398074,8.5541748
271899308,53.2402968,8.5556516
271899313,53.2399027,8.5519617
271899314,53.2398464,8.5505802
271899315,53.2397381,8.5498873
271899317,53.2385645,8.5479134
271899318,53.2384315,8.5476579
271899322,53.2395779,8.5451796
271899323,53.2397728,8.5446166
271899325,53.2397684,8.5441056
271899326,53.2396991,8.5436725
271899330,53.238742,8.539398
271899331,53.2384822,8.5386747
271899332,53.2383652,8.5380511
271899334,53.23815,8.5343855
271899350,53.2382531,8.535877
271899354,53.2372717,8.534326
271899356,53.2368644,8.534159
271899357,53.236358,8.533811
271899358,53.2361132,8.5335009
271899359,53.2357468,8.5326897
271899362,53.2353416,8.5310113
271899363,53.234949,8.529898
271899365,53.2365068,8.5339219
271899367,53.2362042,8.5340017
271899368,53.234731,8.5288316
271899370,53.2347057,8.5280784
271899371,53.234748,8.5273915
271899372,53.23484,8.5299383
271933838,53.243056,8.6774134
271934601,53.2439424,8.6487839
271934671,53.2439464,8.652255
271934672,53.2439746,8.6537195
274944988,53.2318965,8.5240158
274944989,53.2311855,8.5236217
274944990,53.2301419,8.5230887
274944991,53.2293757,8.5226931
274944992,53.2285494,8.5222361
274944996,53.2320311,8.5231112
274944997,53.230996,8.5256501
274944998,53.2284474,8.5233033
274944999,53.2296584,8.518857
276590220,53.2255648,8.5827267
276590221,53.2255743,8.5836931
276590225,53.2253329,8.588004
276594165,53.2247765,8.5903878
276595693,53.2268007,8.5855389
276597075,53.2262622,8.5862402
276597076,53.2265322,8.5864011
276597077,53.2267242,8.5868289
276597078,53.2267519,8.587566
276598245,53.2239265,8.5886023
276598254,53.2268471,8.5887566
277354516,53.2275791,8.5823355
277355536,53.2219198,8.5919952
279248658,53.2223353,8.6021948
279248659,53.2219165,8.6024011
279248660,53.2208185,8.6026092
279248674,53.2190909,8.6034485
279248677,53.2218838,8.6042006
279248678,53.2219581,8.6028918
279248721,53.2197763,8.6017533
280829057,53.2307516,8.6722538
280829059,53.2343038,8.6729514
280829061,53.2408743,8.677615
280829213,53.2251899,8.6716052
280829235,53.2261405,8.6713477
280829928,53.229961,8.6654113
280830225,53.2317247,8.653813
280830226,53.230519,8.6576392
280830227,53.2288741,8.6603235
280830305,53.2274164,8.6585364
280830747,53.2384146,8.6758119
280831619,53.2301382,8.6280833
280831647,53.2302317,8.628796
280831788,53.2299687,8.630196
280831790,53.2298502,8.6310759
280831794,53.2299243,8.6327082
280832239,53.2296936,8.6336687
280832243,53.2294848,8.6337466
280832247,53.2285516,8.6336168
280833289,53.2289896,8.6254863
280833577,53.2266064,8.6297159
280833583,53.2299979,8.6275058
280833585,53.2298502,8.6317111
280833586,53.2295594,8.633731
280833753,53.2298407,8.6314865
280833760,53.2282061,8.6338826
280834452,53.2247635,8.6092552
280834460,53.2177044,8.6139309
280834462,53.218514,8.6135204
280834464,53.2191518,8.6129399
280834465,53.2204305,8.6118271
280834849,53.2296336,8.6121876
280834852,53.228403,8.6084173
280835029,53.2232388,8.6074376
280835107,53.2262035,8.6090667
280836409,53.2218469,8.5958595
280836542,53.2218371,8.5981693
280836598,53.2173165,8.6004033
280836730,53.2194152,8.599846
280837388,53.2213766,8.6025566
280837390,53.2211198,8.600995
280837392,53.2210042,8.6007638
280837394,53.2209321,8.6006919
280837396,53.2198006,8.600898
280837837,53.2185291,8.6025988
280838661,53.2181106,8.5950366
280838662,53.2181866,8.5941007
280838663,53.2183082,8.5937504
280838667,53.218279,8.5959155
280838764,53.218159,8.5953713
280838765,53.2192691,8.5987644
280838831,53.2218711,8.5930089
280838833,53.2193187,8.5912975
280838947,53.2196572,8.5947876
280839360,53.2161025,8.5898037
280839361,53.2158961,8.5898129
280839363,53.2150951,8.5894204
280839622,53.2173325,8.598527
280839674,53.2173136,8.6027667
280840137,53.2163228,8.6006826
280840141,53.2163286,8.5973281
280840926,53.2200508,8.6090919
280840928,53.2179672,8.6073914
280840930,53.2171176,8.6051625
280840946,53.2196987,8.6088031
280840948,53.2169846,8.6044991
280840993,53.2177488,8.6065455
280841538,53.2167622,8.6005725
280841655,53.216203,8.5950553
280842335,53.2154266,8.5945077
280843576,53.214127,8.593181
280843577,53.2143925,8.5921738
280844196,53.2173301,8.5971841
280844455,53.2188273,8.5973356
280844456,53.2185534,8.5978058
280844457,53.2180331,8.5982666
280844459,53.2163331,8.5984174
280844894,53.2240441,8.5992981
280844940,53.2236271,8.5992673
280845866,53.2290108,8.5948885
280846331,53.2265564,8.5943199
280846969,53.2237923,8.6072268
280846970,53.2238539,8.6071034
280846972,53.2247435,8.6007772
280847152,53.2255118,8.596454
280847988,53.2218533,8.5952719
280847989,53.2228718,8.595474
280847990,53.2232925,8.5949317
280847992,53.2246656,8.5953615
280847993,53.2246048,8.59616
280847994,53.2254891,8.5963236
280848287,53.2193387,8.5949222
280849342,53.2330846,8.6033682
280849344,53.2310524,8.600894
280849345,53.2298519,8.5950623
280849553,53.2334724,8.5951464
280849598,53.2344542,8.600144
280850103,53.2317053,8.5803774
280850104,53.2320284,8.5825096
280850126,53.2324337,8.5798616
280850345,53.2330712,8.582247
280850346,53.2326479,8.5823562
280850348,53.23128,8.5827008
280850349,53.2330045,8.5810832
280851980,53.2383607,8.5931419
280852632,53.2310178,8.5683557
280853811,53.2334849,8.5464425
280853812,53.2322444,8.5481978
280853839,53.2319947,8.5485029
280853919,53.2312784,8.5604189
280853952,53.2344063,8.5420945
280854286,53.2301274,8.5346874
280854289,53.2295403,8.5297572
280854493,53.23157,8.5317514
280854496,53.2329961,8.5425813
280854765,53.2320729,8.5371207
280854768,53.2309451,8.5397116
280854832,53.2304423,8.5406468
280854853,53.2286222,8.537957
280854947,53.2326181,8.5402111
280854948,53.2320096,8.5407997
280855073,53.2343329,8.5365896
280855075,53.2332055,8.5375512
280855076,53.2321202,8.5371544
280855130,53.2298971,8.5351964
280855133,53.2335802,8.5376063
280855184,53.2355489,8.5348852
280855255,53.2311692,8.5393033
280855436,53.2298251,8.5375101
280855438,53.2309066,8.5375771
280855477,53.2308052,8.5380414
280855482,53.230487,8.5384746
280855512,53.229884,8.5371632
280855691,53.2293274,8.5364002
280855796,53.2313593,8.5387287
280855797,53.2300802,8.5367379
280855904,53.2317766,8.5348666
280855905,53.2314295,8.534751
280855906,53.2304729,8.5340263
280856004,53.2351504,8.5359859
280856053,53.2336213,8.5309727
280856054,53.2323609,8.5312581
280856238,53.2341525,8.5301834
280856240,53.23374,8.5307681
280856241,53.2315635,8.5315385
280856634,53.230491,8.5257045
280856637,53.2322263,8.5182751
280856639,53.2324079,8.5148344
280856662,53.2326196,8.5137366
280856676,53.2321164,8.5204074
280856678,53.2323346,8.5172671
280856679,53.228206,8.5259621
280856932,53.2291672,8.5235228
280856941,53.2289192,8.5258734
280857205,53.2285514,8.5292536
280857707,53.2307011,8.5233809
280857710,53.2311188,8.5197003
280857714,53.2322673,8.5148439
280858234,53.2306346,8.5160165
280858235,53.2315865,8.5159852
280858237,53.2314947,8.5162825
280859214,53.2285316,8.5156864
280859219,53.2280112,8.512298
280859238,53.232546,8.5140207
280859452,53.2295592,8.5151304
280859453,53.2310413,8.5143576
280859455,53.2318336,8.5142815
280859889,53.2292125,8.511976
280879339,53.2333473,8.5951499
280879870,53.2343227,8.5951162
280880327,53.2282253,8.5917806
280880329,53.2287332,8.5948249
280880394,53.2285381,8.5934837
280880441,53.2266782,8.5927652
280880443,53.2271388,8.5926598
280880445,53.2271814,8.5927106
280880447,53.2272536,8.5931537
280880448,53.2274832,8.5933312
280880449,53.2284322,8.592932
281051773,53.2365227,8.5944285
281052095,53.2234044,8.5934805
281052239,53.2232183,8.5962593
281052240,53.2244806,8.5965967
281052329,53.22383,8.5964265
281052508,53.2243395,8.5937966
281052561,53.2244875,8.5938339
281054281,53.217854,8.5895675
281054282,53.2167048,8.5882649
281054283,53.2164084,8.5877783
281054286,53.2164914,8.5874039
281054287,53.2163373,8.5869471
281057043,53.2264461,8.5890869
281057319,53.2269831,8.5944129
281057320,53.2264561,8.5920981
281057818,53.2288337,8.5867834
281057820,53.230066,8.5867023
281057821,53.2300157,8.586122
281057822,53.2299049,8.5856395
281057823,53.2297208,8.5852519
281057825,53.2294924,8.5850144
281057827,53.228816,8.5849047
281059082,53.2312785,8.5823552
281059145,53.2312833,8.5851929
281059232,53.2411877,8.5911695
281059234,53.2411712,8.5818967
281059752,53.2458974,8.5880345
281063104,53.2219749,8.5259935
281063712,53.2261259,8.5908541
281063713,53.2264998,8.5908241
281063714,53.226738,8.5908539
281063715,53.2275326,8.5903998
281063718,53.2281469,8.5904863
281063719,53.2284632,8.5904805
281063720,53.2287626,8.5903523
281063721,53.2289873,8.5900645
281224537,53.2329779,8.5109827
281224538,53.2330802,8.5114913
281224540,53.2326963,8.5137727
281224544,53.2321813,8.5110927
281224570,53.2315787,8.5131813
281224572,53.2316275,8.5122619
281224645,53.2355282,8.5242507
281224647,53.2331017,8.5243419
281224913,53.2298066,8.5108675
281224915,53.2306962,8.5110921
281224916,53.2310752,8.5114104
281224917,53.2316126,8.5125987
281224918,53.2319141,8.5113119
281225103,53.2304742,8.5110093
281225138,53.2292665,8.51356
281225139,53.2293197,8.5152587
281225202,53.2300386,8.514875
281225490,53.2345078,8.5165035
281225576,53.2342937,8.5233444
281225577,53.234442,8.5216578
281225578,53.2342532,8.5211605
281225579,53.2337457,8.5233093
281225589,53.2342027,8.5242087
281225722,53.2348491,8.5220661
281225914,53.2336427,8.5423602
281225915,53.2335319,8.5414457
281225916,53.2344076,8.5411367
281227032,53.2326147,8.5352146
281227034,53.2329228,8.5374106
281227557,53.2318003,8.5275253
281228195,53.2299479,8.5179906
281228569,53.233081,8.5253153
281907746,53.2126947,8.6016641
282422403,53.2273569,8.6020355
282422408,53.2270377,8.6024321
282422415,53.226663,8.6028734
282422417,53.2279297,8.6017643
282422900,53.2244768,8.6036542
282422901,53.224888,8.6037961
282422904,53.2269606,8.6027496
282422974,53.2258543,8.5987095
282423176,53.2259483,8.603196
282423198,53.2255881,8.6037173
282423370,53.2246478,8.6020306
282424089,53.2254522,8.5961036
282424092,53.2259065,8.5975066
282424185,53.22815,8.5917901
282424221,53.2299526,8.588848
282424223,53.2299268,8.5903321
282424244,53.2304466,8.590247
282424556,53.2305778,8.589167
282425329,53.227067,8.5886296
282425774,53.2280138,8.590433
282476788,53.2311154,8.6723304
282477120,53.2308331,8.6722737
282478199,53.2164402,8.6285137
282478570,53.2261535,8.5942199
282512881,53.2301014,8.5293345
283296003,53.2302238,8.6289406
283296007,53.2298744,8.6308801
283331400,53.2674501,8.6004661
283331403,53.268041,8.5996099
283331682,53.2676075,8.6001066
289609005,53.2164512,8.5871307
289612648,53.2133242,8.6083269
289612874,53.2127838,8.6053039
289612876,53.2128928,8.6060027
289613494,53.2137454,8.6091577
289613495,53.2139374,8.609433
289613497,53.2159619,8.6113426
289613500,53.2171492,8.6131024
289614088,53.2171006,8.6087286
289614091,53.2171793,8.6083847
289614092,53.217523,8.6081964
289614093,53.2176412,8.6080505
289614094,53.2179059,8.6074784
289614147,53.2180856,8.6074944
290209641,53.2234091,8.6224416
290210414,53.2295067,8.6136242
290210416,53.2296433,8.60991
290210440,53.2291516,8.6058679
290210553,53.2271233,8.5998925
290210620,53.2254011,8.5956157
290465460,53.2356527,8.5221697
290465461,53.2343639,8.5225551
290465468,53.2339663,8.5266212
290465479,53.2348334,8.5187859
290465493,53.227934,8.5397321
290468818,53.2252878,8.5931447
290468819,53.2257637,8.5941347
290468820,53.2253247,8.5946355
294996302,53.2372075,8.6749642
294996307,53.2354204,8.6665448
294996308,53.2351456,8.6659369
297870916,53.2440048,8.6566843
298260959,53.2292741,8.671933
298260989,53.2306921,8.6733173
298261844,53.2384172,8.6542174
298261853,53.2338081,8.6653445
298262353,53.2346724,8.6657123
298262929,53.2111766,8.6477189
298263586,53.2152404,8.6223766
298263588,53.2164905,8.61673
298263630,53.2163992,8.6183976
298263635,53.2165676,8.6162579
298264272,53.21266,8.6006741
298266100,53.2171141,8.60976
298266101,53.2161309,8.6116103
298268828,53.2393843,8.5941856
298269928,53.2481005,8.6005028
298269932,53.2462567,8.6009319
298269940,53.2422094,8.6019361
298269942,53.2414485,8.6014561
298269943,53.2412687,8.6012196
298269946,53.2406017,8.6003912
298269947,53.2403295,8.5997818
298269948,53.2399339,8.599078
298269949,53.2396566,8.5984428
298269950,53.2395025,8.5977819
298269952,53.2393535,8.5962284
298269953,53.2392667,8.5926587
298270074,53.2485319,8.5989235
298270076,53.2480901,8.6016238
298270079,53.2479411,8.6090996
298270081,53.2478127,8.611254
298270082,53.2475919,8.6132281
298270083,53.2474327,8.614567
298270084,53.2474943,8.6151164
298270085,53.2477306,8.6159575
298270086,53.2481671,8.617348
298270327,53.2409195,8.6008513
298270348,53.2416294,8.6016042
298270645,53.2449888,8.6012314
298271055,53.2530356,8.6028202
298271059,53.2510072,8.6022709
298271065,53.2532154,8.6013273
298271171,53.2542876,8.6031083
298271173,53.2521267,8.6025885
298271176,53.2488708,8.6017216
298271440,53.2538782,8.6001941
298272066,53.2522499,8.6085537
298272068,53.2524605,8.6081331
298272069,53.2532564,8.6068199
298272071,53.2539342,8.6059187
298272073,53.2543193,8.6054552
298272459,53.257452,8.5994589
298272594,53.2533333,8.5962676
298273042,53.249833,8.5946457
298273953,53.2537826,8.5994931
298273955,53.2532105,8.5953423
298273958,53.2492342,8.5953074
298273959,53.2488527,8.5951387
298273964,53.2521276,8.5965686
298274091,53.2626372,8.6020074
298274541,53.2630051,8.6020177
298275241,53.2697526,8.5996609
298418029,53.2648416,8.6014488
298418082,53.2648346,8.6014514
298418083,53.2635165,8.6019174
298418150,53.2670244,8.6006234
298418154,53.2665681,8.6007922
298418878,53.2481584,8.5947298
298418995,53.2515674,8.5963296
298444985,53.2574279,8.5961197
298444987,53.2578448,8.5982677
298445234,53.2579067,8.5989596
298445944,53.2469056,8.6189002
298445946,53.2466731,8.6195005
298445948,53.2464564,8.6197552
298446007,53.2479192,8.6176954
298446008,53.245603,8.6203775
298446010,53.245068,8.6204291
298446843,53.2512456,8.5828714
298620256,53.2723895,8.604601
298620383,53.2724123,8.6064373
298844372,53.2249306,8.6716671
298911893,53.2314928,8.664735
298911903,53.2301219,8.6583798
298911904,53.2292452,8.6597692
298912017,53.2294519,8.6632828
298912019,53.2287755,8.6603871
298912748,53.230917,8.6649707
298914642,53.2438222,8.6217034
298915200,53.2434883,8.5902881
298916133,53.2199494,8.6122297
298916135,53.2191524,8.6083762
298916202,53.2182578,8.6136417
298916203,53.2195583,8.6125636
299092071,53.239203,8.6543646
299092479,53.2405417,8.654618
299092491,53.241745,8.6548458
299100828,53.2536876,8.5662989
299100829,53.2539227,8.5671222
299797666,53.2461159,8.5929533
299798184,53.2430828,8.5905325
299799961,53.2438019,8.5795238
299799962,53.2439673,8.5801852
299799964,53.2443599,8.5806632
299799965,53.2450107,8.5812932
299799966,53.2454335,8.5816922
299799967,53.2454222,8.5827188
299799971,53.2461757,8.5878507
299800094,53.2444169,8.5819611
299800095,53.2445888,8.5821057
299800096,53.2446597,8.5822497
299800098,53.2449211,8.5839498
299800099,53.2450214,8.5840617
299800100,53.2455896,8.5838577
299800322,53.2460097,8.5797644
299800715,53.2456514,8.5792988
299801248,53.2436428,8.5766409
299801611,53.241619,8.5872107
299801995,53.2422771,8.588936
299801997,53.2417166,8.5891247
299801998,53.2417115,8.5873738
299802006,53.241136,8.5872209
299802008,53.242009,8.5891023
299802037,53.2417116,8.589409
299802039,53.2411463,8.5896492
299803111,53.2303595,8.597525
299805664,53.2162688,8.5856194
299808275,53.2222919,8.6019408
299808427,53.2224131,8.6026858
299808509,53.2223016,8.602005
299811839,53.2326691,8.6043323
299815879,53.2440939,8.578342
299829428,53.2306678,8.5991431
299906627,53.2249879,8.621973
300100972,53.2476028,8.5572552
300101563,53.2517655,8.5614404
300101564,53.2513852,8.5614457
300101565,53.2505378,8.5599437
300101566,53.249837,8.5594893
300101568,53.2494851,8.5591056
300101569,53.248782,8.557493
300101662,53.2533628,8.5647964
300101663,53.2528728,8.5633635
300101965,53.2527845,8.5618293
300101966,53.2533703,8.5629987
300101967,53.2538917,8.5636197
300101968,53.2548247,8.5638244
301832209,53.2441802,8.5654765
301832210,53.243759,8.5674935
301832211,53.2432976,8.5707763
301832357,53.2405734,8.5563252
301832358,53.2417815,8.5570479
301832359,53.2420486,8.5573226
301832360,53.2436339,8.5602011
301832361,53.2440724,8.5602785
301832362,53.2448889,8.5618029
313170477,53.2444413,8.676969
339875958,53.2635691,8.6019071
339875959,53.2639019,8.6017977
349217134,53.227153,8.6408512
349217141,53.227152,8.6409624
379552147,53.2241986,8.5766191
389568763,53.2161224,8.5854565
401327876,53.2227548,8.5313643
411029279,53.2252668,8.5827307
411029284,53.2245269,8.5827529
411029958,53.2280274,8.5824463
411029967,53.2287495,8.5817252
411032625,53.2316376,8.5545296
411058733,53.2217619,8.5240903
411072289,53.2345548,8.5168328
411108244,53.2327656,8.541117
411108253,53.2387939,8.5397279
414045943,53.2467718,8.558933
414045945,53.2473159,8.5574405
450010133,53.2244684,8.5692935
461956384,53.2171215,8.6103765
461956386,53.2165707,8.6103727
461956388,53.2165648,8.6110366
466105591,53.2516878,8.5614417
466107134,53.2542198,8.5728631
466107878,53.2586461,8.569309
466107884,53.2582661,8.569206
466107889,53.2579478,8.5691717
466107891,53.2576551,8.5691974
466107895,53.2574355,8.5690337
466107900,53.2570398,8.5687
466107905,53.2561238,8.5682929
466107907,53.2553908,8.5682673
466107910,53.255134,8.5683137
466108304,53.2536675,8.5647791
466108312,53.2536808,8.5649316
466108317,53.2543483,8.5653951
466108320,53.2549235,8.565953
466108323,53.2554287,8.5663694
466108329,53.2535692,8.5656123
469192858,53.2281991,8.6483996
469215699,53.2446186,8.5630203
469215701,53.2434204,8.5700956
482839700,53.2479942,8.6064344
560312189,53.2481394,8.5571956
600878190,53.2541622,8.5975287
600882071,53.2589068,8.5878041
600882133,53.2620649,8.5944064
663053640,53.233027,8.5460635
663147565,53.2297448,8.5315539
663147579,53.2302378,8.5311932
795262767,53.2461158,8.6199867
917227935,53.2164874,8.651203
917227937,53.2180445,8.6496935
917227939,53.2089482,8.6610931
917227945,53.2150781,8.6527098
917227971,53.2197532,8.6481764
917227994,53.220828,8.6473083
917227997,53.2252211,8.6442501
917228000,53.2143508,8.6535338
917228036,53.2259626,8.6438229
917264406,53.2378727,8.638312
917264413,53.2779206,8.6341488
917264415,53.2569434,8.6354903
917264419,53.2332775,8.6400662
917264441,53.2438345,8.6366875
917264447,53.2784668,8.6339023
917264450,53.2689251,8.6362019
917264462,53.2788888,8.633703
917264465,53.2708851,8.6360756
917264466,53.2326103,8.6403548
917264472,53.280297,8.6329614
917264474,53.2727275,8.6358006
917264476,53.2622317,8.635823
917264478,53.2356602,8.6391391
917264487,53.2292416,8.6419617
917264494,53.2696053,8.6361662
917264499,53.226398,8.6435604
917264502,53.2498245,8.6357499
917264510,53.2731618,8.6357156
917264519,53.2663109,8.6361396
917264532,53.2449099,8.6364754
917264540,53.2508051,8.6356424
917264545,53.234507,8.6395741
917264547,53.2390326,8.6379624
917264562,53.242687,8.636952
917264577,53.275979,8.6349279
1139501854,53.224974,8.5898126
1139501920,53.2285194,8.588145
1139515754,53.2291708,8.5849057
1204055483,53.2316973,8.5935079
1204058769,53.2282078,8.5882194
1300468088,53.2306986,8.6722412
1300468114,53.2298858,8.6653868
1300468117,53.2288157,8.6603591
1300475538,53.2323103,8.5175172
1300475544,53.2320057,8.5233587
1300475552,53.2313448,8.5176154
1300489293,53.2472173,8.5819698
1300537981,53.2173698,8.5868534
1300538013,53.228948,8.5948785
1301942458,53.245658,8.5869669
1301942459,53.2456067,8.5866451
1301942460,53.2454414,8.5853919
1301942461,53.2457731,8.5852218
1301942462,53.2441734,8.5855736
1301942463,53.2447193,8.5854898
1301942464,53.2448755,8.5869843
1301942465,53.244439,8.5874524
1301942466,53.2443444,8.5871255
1301942467,53.245493,8.5830851
1301942468,53.2459978,8.5868762
1301942469,53.2449024,8.5872479
1301942471,53.2452857,8.5867523
1301942472,53.2451701,8.5868811
1304564498,53.254036,8.6013171
1308272081,53.2196851,8.5997768
1308272089,53.218217,8.6023501
1308272095,53.2226763,8.6042215
1308272101,53.2184432,8.6025304
1308272105,53.2179932,8.6020635
1308272110,53.2173126,8.6026793
1308272138,53.218651,8.6027807
1308272141,53.2179064,8.6017875
1308272143,53.2192006,8.603627
1308272153,53.2219785,8.6037001
1308272181,53.2189896,8.6015162
1308272214,53.2188793,8.6031213
1308272228,53.2193197,8.60381
1308272246,53.2219647,8.6041022
1308590953,53.2205878,8.6026006
1332783824,53.2229229,8.5319527
1332783830,53.2226049,8.5307168
1332783832,53.2247927,8.5356725
1332783879,53.2232921,8.5330401
1345112272,53.2344858,8.5159964
1345112407,53.2344873,8.5163039
1345112429,53.2300947,8.5108728
1345112437,53.2342173,8.5140941
1345112446,53.2284931,8.5116185
1345233630,53.2576909,8.5977176
1345233634,53.2576108,8.5888141
1345233644,53.2576195,8.5970181
1345233645,53.2571854,8.5894962
1345233646,53.2719898,8.6085743
1345233648,53.2571488,8.5907223
1345233650,53.2593551,8.6005258
1345233652,53.257476,8.5964303
1345233655,53.2576398,8.5972527
1345233656,53.2719555,8.6087715
1345233657,53.2575525,8.5967157
1345233661,53.2574051,8.5889686
1345233663,53.2721108,8.6080448
1345233665,53.257918,8.5986434
1345233667,53.2580468,8.5884731
1345233670,53.2571623,8.5898925
1345233672,53.2572993,8.5942022
1346338827,53.2296678,8.6111506
1346338828,53.2295545,8.608421
1346338831,53.2449521,8.5840485
1346338833,53.2291248,8.6152853
1346338837,53.2296635,8.6105029
1346338839,53.2458837,8.5860839
1346338850,53.2303714,8.6075755
1346338854,53.229383,8.6143779
1346338856,53.2295994,8.6089714
1346338857,53.2457269,8.5847801
1346338860,53.2126639,8.6002349
1347406792,53.2539709,8.635466
1377458289,53.272368,8.6035811
1383544110,53.2332399,8.6541457
1383570506,53.2317525,8.6691983
1383570571,53.2352403,8.666111
1383570607,53.2349714,8.6658365
1383570613,53.2309113,8.669592
1383570653,53.2337668,8.6662627
1383570677,53.2336085,8.6665753
1383570725,53.2330659,8.6669092
1383570836,53.2331863,8.6668125
1383570862,53.2320756,8.6685779
1383570875,53.232923,8.6670834
1383570876,53.2318408,8.6690897
1383581193,53.226176,8.671354
1451070982,53.2460305,8.6764721
1451131478,53.2268069,8.6643942
1451369385,53.2398502,8.6768736
1451369449,53.2433475,8.6773207
1451369503,53.2413202,8.6775833
1549457485,53.2287787,8.6425781
1549457487,53.2274631,8.6415253
1549457488,53.2286328,8.6425442
1549457489,53.2271723,8.6409646
1549457490,53.2262321,8.6414301
1549457494,53.2289023,8.6426854
1549457496,53.2266881,8.6429214
1549457499,53.2290838,8.6437529
1549457500,53.2263975,8.641186
1549457501,53.2291207,8.6432915
1549457503,53.2257664,8.6433479
1549457504,53.2273224,8.6411431
1549457505,53.2259752,8.6420926
1549457506,53.2290838,8.6430609
1549457511,53.2291239,8.6435008
1549457512,53.2282661,8.6425951
1549457515,53.2260835,8.6421407
1549457516,53.2261831,8.6425531
1549457518,53.2268519,8.6428865
1549457519,53.2267604,8.640891
1549457521,53.2267318,8.6409617
1549457523,53.2265436,8.6410599
1549457529,53.2262353,8.6413228
1549457530,53.2321542,8.654151
1549457532,53.2274512,8.6408356
1549457534,53.2259126,8.6428248
1549457536,53.2260852,8.6419238
1549457538,53.2265404,8.6429187
1549457543,53.2270767,8.6428087
1549457547,53.2261245,8.6417385
1549457548,53.228484,8.6425487
1549457557,53.2261743,8.6415588
1549457560,53.2263814,8.6411377
1549457562,53.2288558,8.6441954
1549457563,53.2325085,8.6542432
1549457564,53.2265613,8.6409848
1549457567,53.2284062,8.6445506
1549457568,53.2289922,8.6439889
1549457569,53.2261149,8.6415642
1549457570,53.2260233,8.6418163
1549457573,53.2304675,8.6770812
1549457575,53.2280799,8.6426824
1549457578,53.2286342,8.6443993
1549457579,53.2290163,8.642857
1549457581,53.2270622,8.6409529
1549457585,53.2264071,8.6428543
1549457586,53.229631,8.6913957
1549457587,53.225866,8.6431011
1549457589,53.2268377,8.6409363
1549457590,53.2261245,8.6423742
1550845328,53.2247025,8.5861137
1550845332,53.2248078,8.5860855
1550845343,53.2252376,8.5861879
1550845344,53.2245942,8.5862531
1550845349,53.2245227,8.5864717
1550845355,53.2244778,8.5867395
1550845356,53.22527,8.5854833
1551662532,53.2250043,8.622137
1551662533,53.2250673,8.6224648
1551662535,53.225186,8.6228397
1551662536,53.2253095,8.6218465
1551662537,53.2254256,8.6236375
1551662538,53.2256604,8.6216333
1551662539,53.225743,8.6215595
1551662540,53.226061,8.6256931
1551662541,53.2261033,8.621164
1551662543,53.2262991,8.6265771
1551662544,53.2264053,8.6271919
1551662545,53.2264594,8.6206958
1551662550,53.2265005,8.6279689
1551662552,53.2265243,8.6284339
1551662554,53.2267376,8.6312223
1551662556,53.2269034,8.6320984
1551662558,53.2272605,8.6337625
1551662560,53.2273678,8.6189182
1551662570,53.2275131,8.6355836
1551662572,53.2275315,8.637635
1551662575,53.2275425,8.6363289
1551662579,53.2275752,8.6433089
1551662582,53.2285283,8.6166338
1551662583,53.2287193,8.658324
1551662585,53.2287623,8.6591921
1551662587,53.2289254,8.6158094
1551662595,53.2290233,8.6612605
1551662602,53.2307191,8.6686971
1551670258,53.222892,8.6227968
1551670260,53.2238219,8.6222609
1551670261,53.2242985,8.6221442
1551783894,53.2126351,8.6319227
1562299889,53.2127389,8.5995074
1562299893,53.2129368,8.5986774
1574689221,53.2137354,8.5953096
1574689222,53.2139872,8.5937937
1574689223,53.2146507,8.5912318
1574689227,53.214929,8.5942271
1574689228,53.2150376,8.5896705
1574689236,53.2158103,8.5948158
1574689238,53.2164458,8.5879726
1574689240,53.2165279,8.5887391
1574689242,53.2169346,8.587625
1574689244,53.2170525,8.5871226
1574689247,53.217532,8.5870369
1574689260,53.2190863,8.5980553
1574689264,53.2195742,8.5976277
1574689266,53.2198339,8.5896363
1574689267,53.2199412,8.5974401
1574689271,53.2206352,8.5971701
1574689273,53.2211422,8.5970665
1574689280,53.2218456,8.5970801
1574689282,53.221842,8.5991788
1574689291,53.2218641,8.5939039
1574689295,53.221879,8.5922085
1574689303,53.2220421,8.5921301
1574814550,53.22996,8.5858199
1574814551,53.2296557,8.5851553
1574814552,53.2293332,8.5849407
1574814553,53.2261829,8.5892526
1574814554,53.2264631,8.5822493
1574814555,53.2299017,8.5891856
1574814557,53.2298855,8.5897677
1574814558,53.2253561,8.5889915
1574814559,53.2272903,8.5821748
1575755923,53.2173184,8.6012982
1575755925,53.2173351,8.5956931
1575755927,53.2178564,8.6013468
1575755929,53.2183156,8.6013893
1575755931,53.2194425,8.6028263
1575755933,53.2195876,8.6041405
1575755934,53.2196581,8.6022512
1575755937,53.2198073,8.6013234
1575755940,53.2198793,8.6042611
1575755942,53.2198398,8.6023838
1575755944,53.2202856,8.6042869
1575755946,53.2229493,8.5938011
1575755947,53.2229607,8.5940499
1575755949,53.2229814,8.5935259
1575755951,53.2230092,8.594367
1575755953,53.223081,8.5946688
1575755961,53.2231442,8.5951238
1575755964,53.2231844,8.5949651
1575755966,53.2243628,8.5951933
1575755971,53.224558,8.5965074
1575755974,53.2246226,8.5952576
1580890662,53.2298127,8.5373206
1580890664,53.2300661,8.5344494
1580890665,53.2301918,8.5367418
1580890668,53.2306028,8.5384752
1580890670,53.2309352,8.5377436
1580890671,53.2336567,8.52652
1580890672,53.2349378,8.595099
1580890673,53.2374508,8.5937723
1580890674,53.2379151,8.5934075
1580890687,53.2396426,8.5924051
1580890690,53.2405838,8.5916405
1580890693,53.24184,8.590731
1580890695,53.2423958,8.590599
1580890697,53.24438,8.591393
1582261329,53.2247603,8.5909888
1582261332,53.2248257,8.5900871
1582261344,53.2253562,8.5862488
1582261346,53.2255431,8.5843392
1582261350,53.2262579,8.5838052
1582261352,53.2263586,8.5984154
1582261354,53.2267825,8.5980317
1582261356,53.2269727,8.5821305
1582261360,53.2271435,8.5977864
1582261363,53.2271474,8.5837117
1582261374,53.2274206,8.5849625
1582261376,53.2274487,8.5843989
1582261379,53.227478,8.5851944
1582261382,53.2274682,8.5845398
1582261385,53.227502,8.5842856
1582261388,53.2274944,8.5830281
1582261391,53.2275316,8.5835806
1582261393,53.2275268,8.582617
1582261396,53.227536,8.5846825
1582261400,53.2275712,8.58396
1582261409,53.2275939,8.5842586
1582261411,53.227582,8.5845881
1582261414,53.2276073,8.5844155
1582261417,53.2276056,8.5845114
1582261420,53.2277576,8.5973475
1582261423,53.2281803,8.5851533
1582261425,53.2312695,8.5895487
1582283334,53.2266631,8.5866446
1582283350,53.2287431,8.5813829
1582283351,53.2287625,8.5823314
1582283352,53.228775,8.5830444
1582283353,53.2291731,8.5829476
1582283354,53.2295319,8.5829391
1582283355,53.2297322,8.582968
1582283356,53.2299534,8.5830878
1582283357,53.2300249,8.5831586
1582283359,53.2300312,8.5843888
1582283361,53.2301573,8.5846551
1582289996,53.221837,8.5979664
1582290001,53.2248797,8.5993629
1582291321,53.2508428,8.583474
1583583921,53.2240967,8.5884705
1583583922,53.2244832,8.5878098
1583583923,53.2247369,8.5885103
1583583924,53.224811,8.5885599
1583583925,53.2249632,8.5842219
1583583926,53.225248,8.5896095
1583583927,53.2253092,8.5892803
1583583928,53.22535,8.5885829
1583583929,53.2255618,8.5841556
1583600108,53.2524669,8.5804239
1583674509,53.2687151,8.5988703
1583674510,53.2691167,8.5983242
1583674512,53.2695639,8.5974841
1583674522,53.2699455,8.5967064
1583674523,53.2700685,8.5966445
1583674524,53.2703416,8.5966957
1583674525,53.2715394,8.5971713
1583674526,53.2715978,8.5989325
1583674527,53.2716863,8.5987371
1583674528,53.2717004,8.5990035
1583674529,53.2718365,8.5965098
1583674531,53.2724237,8.5955292
1583674535,53.2724367,8.6051652
1583674536,53.2728524,8.5948843
1583674538,53.2740218,8.5939739
1583674540,53.2746641,8.5937032
1583674542,53.274706,8.5937257
1593997365,53.2078649,8.662697
1593997367,53.2088699,8.6609438
1593997371,53.2100689,8.6590366
1593997372,53.2110876,8.657518
1593997374,53.2121984,8.6559822
1593997376,53.2133246,8.6545347
1593997377,53.2144185,8.6532259
1593997379,53.2155212,8.6519945
1593997381,53.2166265,8.650848
1593997383,53.217184,8.6502963
1593997389,53.2179943,8.6495301
1593997391,53.2189785,8.6486379
1593997393,53.2197048,8.6480179
1593997395,53.2207583,8.6471527
1593997396,53.2214892,8.6465949
1593997399,53.2228048,8.6456364
1593997402,53.2256301,8.6437836
1593997405,53.2270431,8.6429493
1593997417,53.2301053,8.641337
1593997418,53.2304898,8.6411483
1593997419,53.2308893,8.6409607
1593997420,53.2316619,8.6406004
1593997421,53.2329342,8.6400335
1593997422,53.2348391,8.6392449
1593997424,53.2364394,8.6386462
1593997426,53.2380514,8.638055
1593997443,53.2389982,8.6377682
1593997445,53.2399363,8.6375068
1593997447,53.2426889,8.636778
1593997448,53.2444596,8.6363642
1593997449,53.2453416,8.6362026
1593997450,53.2472528,8.635879
1593997452,53.2482843,8.635726
1593997454,53.2490909,8.6356256
1593997469,53.2509539,8.6354378
1593997470,53.2524729,8.6353347
1593997472,53.2540275,8.6352801
1593997474,53.2554328,8.6352815
1593997477,53.2567084,8.6352899
1593997478,53.2579572,8.6353293
1593997481,53.2601073,8.6354603
1593997484,53.2622161,8.6356664
1593997487,53.2632815,8.6357488
1593997495,53.2643623,8.6358381
1593997496,53.2663138,8.635961
1593997497,53.2674692,8.6360148
1593997498,53.2688828,8.6360007
1593997499,53.2701942,8.635942
1593997501,53.2712484,8.6358402
1593997503,53.2724739,8.6356574
1593997504,53.2738541,8.6353678
1593997506,53.2746418,8.6351602
1593997513,53.2752908,8.6349673
1593997514,53.2763169,8.6346101
1593997515,53.276676,8.6344856
1593997516,53.2774451,8.6341843
1593997517,53.2784427,8.6337291
1593997518,53.2794501,8.6332352
1593997519,53.2798307,8.6330282
1593997521,53.2802718,8.6327776
1593997523,53.2810923,8.6322976
1593997525,53.2821116,8.6316393
1597764179,53.273261,8.5944917
1641766955,53.236614,8.6534802
1641766965,53.2369133,8.6535383
1677835229,53.2287583,8.6976184
1829491721,53.2457574,8.561096
1829491722,53.2460091,8.5607527
1834380636,53.2443827,8.5790686
1834380638,53.2442199,8.5788436
1843608684,53.2382985,8.5569938
1843608686,53.2383093,8.5568971
1843608687,53.2383419,8.5567836
1844437988,53.2425597,8.5713227
1844437990,53.2431663,8.5709628
1844437993,53.2428519,8.5711009
1848072599,53.2246289,8.5958434
1848073393,53.2286813,8.5881346
1879444604,53.2247575,8.5907757
1879444610,53.2252565,8.5895205
1879444613,53.2268187,8.5886589
1879448690,53.2253564,8.5888106
2010464763,53.2115066,8.6571762
2010464766,53.2112193,8.6575814
2010467128,53.227879,8.6450421
2010467132,53.2280016,8.6448204
2010467133,53.2278533,8.6453962
2010467881,53.2278155,8.6455676
2016355196,53.2441858,8.5787007
2016360586,53.2216699,8.5233221
2117296019,53.2244661,8.5693919
2129008404,53.2411148,8.5566626
2261274427,53.2295031,8.6924376
2261281475,53.2308494,8.6701473
2295106441,53.2340415,8.5216128
2295106444,53.2343341,8.5209874
2295106473,53.229805,8.6078308
2295106476,53.2302372,8.6076695
2295106477,53.2323438,8.5135877
2295106480,53.2328221,8.5138336
2295106485,53.2343659,8.5147535
2295106489,53.2315956,8.5928736
2295106494,53.2315634,8.5440503
2295107404,53.2171021,8.615113
2295107417,53.2204805,8.6117977
2295107424,53.221536,8.6111505
2295107427,53.2219719,8.6108871
2295107449,53.2230972,8.610166
2295107456,53.223758,8.6097594
2295107458,53.2241003,8.6095401
2295107471,53.2252365,8.6038205
2295107477,53.2256851,8.6091483
2295107492,53.2261658,8.6030903
2295107495,53.2269617,8.6088795
2295107502,53.2273535,8.6003844
2295107511,53.2276566,8.6010903
2295107518,53.2278021,8.6014455
2295107522,53.2278566,8.5396276
2295107552,53.2280863,8.5399305
2295107555,53.2280986,8.5127512
2295107576,53.2286462,8.6038232
2295107581,53.2288218,8.6081722
2295107582,53.228826,8.540878
2295107584,53.2289605,8.5078192
2295107585,53.2289708,8.5079542
2295107586,53.229022,8.5052114
2295107587,53.2290204,8.5057616
2295107588,53.2290248,8.50596
2295107589,53.2290343,8.5067589
2295107591,53.2290468,8.5050278
2295107592,53.2290931,8.504791
2295107593,53.2291762,8.5098682
2295107594,53.2291731,8.5043184
2295107597,53.229195,8.5040625
2295107598,53.2292206,8.5103459
2295107599,53.2292713,8.6064489
2295107601,53.2293427,8.6068579
2295107605,53.2294679,8.6076964
2295107636,53.2298893,8.5422356
2295107646,53.2301045,8.6077421
2295107659,53.2305221,8.543081
2295107669,53.2310214,8.5671783
2295107671,53.2310287,8.5666267
2295107673,53.2310468,8.5656367
2295107676,53.2310699,8.5439635
2295107679,53.2310759,8.5715969
2295107681,53.2310929,8.5638486
2295107700,53.2311984,8.5747829
2295107704,53.231217,8.5895199
2295107717,53.2312593,8.5443533
2295107720,53.2312683,8.5889128
2295107721,53.2312684,8.5902426
2295107722,53.231269,8.5892989
2295107724,53.2312789,8.5824524
2295107725,53.2312791,8.5808069
2295107726,53.2312819,8.5781852
2295107727,53.2312841,8.5906394
2295107729,53.2312856,8.5793809
2295107750,53.2313794,8.5826982
2295107753,53.2313991,8.5442278
2295107755,53.2314109,8.5442171
2295107761,53.2314345,8.5445079
2295107762,53.2314345,8.5447905
2295107764,53.2314453,8.5443287
2295107773,53.2314689,8.5442622
2295107793,53.2315331,8.556193
2295107805,53.23156,8.5314524
2295107812,53.231586,8.5439974
2295107819,53.2316097,8.5452723
2295107828,53.2316801,8.5276651
2295107838,53.2317054,8.5348672
2295107877,53.2317649,8.5525063
2295107894,53.2317956,8.5243438
2295107908,53.2318386,8.5462117
2295107922,53.2318994,8.5951957
2295107928,53.2319269,8.5467602
2295107941,53.2319517,8.5494765
2295107947,53.231973,8.5472657
2295107951,53.2319969,8.5481943
2295107977,53.2320705,8.5223884
2295107985,53.2321096,8.5214819
2295107988,53.2321204,8.5193365
2295108027,53.23231,8.5270114
2295108054,53.2323637,8.5164783
2295108056,53.2323671,8.5157888
2295108072,53.2324572,8.5268825
2295108083,53.2324701,8.5143586
2295108093,53.2325533,8.5340523
2295108098,53.2325717,8.5341185
2295108104,53.2325916,8.534999
2295108119,53.232732,8.5413266
2295108120,53.2327542,8.5410519
2295108130,53.2329077,8.5266216
2295108153,53.2330697,8.5139213
2295108155,53.233075,8.5255131
2295108159,53.2331358,8.5262373
2295108168,53.2331188,8.523598
2295108172,53.2331318,8.5264227
2295108184,53.2331759,8.5231514
2295108190,53.2332031,8.526395
2295108199,53.2332166,8.5265458
2295108220,53.2332452,8.5229418
2295108241,53.233275,8.5951522
2295108269,53.2333287,8.5139445
2295108285,53.2333863,8.5265204
2295108371,53.2337163,8.5222213
2295108384,53.2337954,8.5220974
2295108416,53.234012,8.5138584
2295108447,53.2343219,8.5212635
2295108462,53.2344349,8.5413102
2295108466,53.2344545,8.515171
2295108494,53.2347995,8.5198903
2295108496,53.2348352,8.5197139
2295108500,53.2348528,8.5189301
2295108527,53.2352274,8.5950662
2295108587,53.2354927,8.5950055
2295108654,53.235995,8.5947577
2295108683,53.2311703,8.5418713
2295108686,53.2313288,8.542143
2295108687,53.2312787,8.5818545
2295108688,53.2345146,8.6000081
2295108698,53.2312801,8.5859753
2396842227,53.2218606,8.5947868
2396842231,53.221864,8.5943813
2396842265,53.2164182,8.5857912
2396842449,53.2159359,8.5856509
2396842457,53.2161859,8.5855266
2396842459,53.2218352,8.5988957
2396842461,53.221865,8.5993856
2396842463,53.22197,8.5991585
2396842480,53.2283498,8.5881734
2396842485,53.2288481,8.5880181
2433538772,53.2395971,8.5496328
2433538787,53.2493589,8.5589
2450493187,53.2409252,8.6776269
2471630222,53.2414537,8.5699893
2489329511,53.2071477,8.66429
2489329592,53.2101124,8.6592229
2489329787,53.2138944,8.6538423
2490138901,53.2238354,8.6449231
2490138906,53.2252574,8.6439188
2490138908,53.2254639,8.64377
2490138909,53.2271784,8.6427722
2490138911,53.2282728,8.642267
2490138912,53.2292276,8.6434039
2490138913,53.2292839,8.6417442
2490138915,53.2294512,8.642224
2490138916,53.2357689,8.6388863
2490138918,53.2632644,8.6359168
2490138919,53.2695111,8.6359894
2490138921,53.271887,8.6357554
2541300984,53.2122519,8.6322492
2576635730,53.2222928,8.5287465
2576635743,53.229238,8.501081
2576635746,53.2292502,8.5008847
2663743437,53.2288677,8.6968614
2663743439,53.2296006,8.6916565
2663743441,53.2296729,8.6906867
2663743443,53.2301532,8.6825395
2663743445,53.2308531,8.6698983
2663743447,53.230795,8.6691768
2663764038,53.2286693,8.6528063
2663764042,53.2283224,8.6493494
2663764048,53.2274544,8.6399183
2663764049,53.2273937,8.6401357
2663764050,53.2273598,8.6405081
2663764051,53.2272939,8.6406449
2663764052,53.2271728,8.64085
2663764053,53.2275425,8.636694
2663764055,53.2274273,8.6347255
2663764057,53.2275343,8.6360775
2663764059,53.2268065,8.6316152
2663764061,53.2266947,8.6308441
2663764063,53.2264646,8.6276133
2663764067,53.2263618,8.6269079
2663764069,53.2261924,8.6261609
2663764071,53.223502,8.6223964
2663764074,53.2237033,8.6223038
2663764076,53.2239717,8.6222249
2680821331,53.2425021,8.5905878
2680821335,53.2422423,8.5906191
2680821336,53.22572,8.5970482
2680821337,53.2253744,8.5953189
2680821338,53.225289,8.5928716
2680821339,53.2248212,8.59392
2680821340,53.2259853,8.5941832
2682483361,53.2316295,8.5930871
2682483743,53.2315715,8.5951942
2682483757,53.2317503,8.5938366
2714702370,53.2274082,8.5885046
2780902954,53.2609295,8.5917425
2780908571,53.2622931,8.5949793
2780908572,53.2635802,8.5965969
2780908573,53.2640329,8.5971181
2780908574,53.2642727,8.5975141
2780908575,53.2644077,8.5980755
2780908576,53.2646145,8.5986118
2780908577,53.2649023,8.5991832
2780908578,53.2650252,8.5994389
2780908579,53.2650762,8.5996043
2780908580,53.2650612,8.5997947
2780908581,53.2650132,8.6000453
2780908582,53.2649623,8.6002208
2780908583,53.2649023,8.6005366
2780909159,53.2616645,8.5934327
2780909160,53.2609753,8.5921696
2780909161,53.2609089,8.5919107
2780909162,53.2613624,8.5904038
2780909163,53.2618877,8.5884069
2935426178,53.2434606,8.5905617
2935426179,53.2432363,8.5904695
2935426180,53.2433692,8.5901653
2935426181,53.2434624,8.5902307
2935426182,53.2434986,8.5904504
2935426183,53.2434722,8.5905344
2935426184,53.243282,8.5905658
2935426185,53.2432288,8.5904073
2935426186,53.2432465,8.5902873
2935426187,53.2431677,8.5905173
2935426188,53.2433364,8.5906139
2935426189,53.2432918,8.5901988
2935426190,53.2431391,8.5895161
2935426191,53.2434857,8.5905023
2935426192,53.2435028,8.5903837
2935426193,53.2434192,8.5901838
2935426194,53.2433785,8.5906196
2935426195,53.2433095,8.590596
2935426196,53.2432562,8.5905246
2935426198,53.2432308,8.5903618
2935426199,53.2433167,8.5901809
2935426407,53.2576533,8.5974481
2935426411,53.2578966,8.5984603
2935426412,53.2577491,8.5979345
2935426415,53.2648081,8.5989961
2935426416,53.2646817,8.5987452
2935436920,53.2643845,8.5979789
2935436921,53.2641746,8.5980489
2935450848,53.2572133,8.5893417
2962280209,53.2479611,8.6080951
2962293337,53.2537531,8.5761285
3066378934,53.2441006,8.5851734
3066378935,53.2446155,8.5853978
3066378936,53.2448623,8.5873203
3066378937,53.244397,8.5874102
3066621386,53.2229646,8.5936223
3066650951,53.2643426,8.597817
3080346085,53.2416495,8.5894564
3080346086,53.2416978,8.5872539
3089348567,53.2221997,8.5279683
3089348576,53.224809,8.5993656
3089361858,53.2193276,8.5990795
3089361859,53.2259924,8.5986358
3089361860,53.2261994,8.5985663
3089361861,53.2262687,8.598517
3089361862,53.2266422,8.5989274
3121250462,53.2241794,8.5827717
3190976352,53.2221997,8.5991735
3190976353,53.2225866,8.5991988
3190976354,53.224532,8.5993412
3190976355,53.225351,8.5990623
3190976356,53.2249897,8.5993153
3190987286,53.2438601,8.5901136
3190987287,53.2440732,8.5898168
3190987289,53.2443495,8.5893945
3190987291,53.2446522,8.5890577
3190987296,53.2451372,8.5885659
3190987298,53.2453653,8.5883876
3190987306,53.246878,8.587378
3190987309,53.2472551,8.5820394
3190987312,53.248157,8.5865253
3190987313,53.2484674,8.58632
3190987314,53.2487679,8.5860836
3190987315,53.2488838,8.5850754
3190987316,53.2494791,8.5853256
3190987318,53.2500501,8.5845849
3190987321,53.2510359,8.5832038
3190987326,53.2514931,8.582384
3190987340,53.2525852,8.5801448
3190987344,53.2527233,8.579819
3190987353,53.2530083,8.5790497
3190987361,53.2534719,8.5779525
3195175547,53.2610885,8.5923771
3195175549,53.2618636,8.5939169
3195177866,53.2440108,8.6562543
3205250899,53.2296991,8.6266854
3205250900,53.2298649,8.6271087
3205252752,53.2313747,8.640938
3233169914,53.2290165,8.5053691
3233169915,53.2290397,8.506524
3233169920,53.2291401,8.5045498
3233169928,53.2295182,8.4971822
3233169934,53.2297497,8.4947287
3233169944,53.2301886,8.4932765
3296449722,53.2299004,8.5108304
3296449744,53.2308919,8.5112079
3296449752,53.2309864,8.511301
3320474625,53.2299877,8.5108414
3320474660,53.2302294,8.5170968
3320474672,53.2303337,8.5147138
3320474686,53.2304195,8.5109872
3320474698,53.2305309,8.5161846
3320474707,53.2305796,8.5160894
3320474715,53.2306474,8.5145423
3320474727,53.2307166,8.515996
3320474740,53.2307913,8.5111392
3320474749,53.2308993,8.5144135
3320474874,53.2311603,8.511562
3320474876,53.2311775,8.5143252
3320474883,53.2312499,8.5117938
3320474885,53.231295,8.5143117
3320474902,53.2314231,8.5159003
3320474903,53.2314306,8.5122185
3320474914,53.2315196,8.5159216
3320474915,53.2315228,8.5161466
3320474937,53.2316491,8.5119808
3320474940,53.2316848,8.5117915
3320474943,53.2317334,8.5142994
3320474944,53.2317509,8.5116011
3320474952,53.2318278,8.5114445
3320474959,53.2319595,8.5142381
3320474961,53.2319984,8.5112192
3320474962,53.2320043,8.5151295
3320474968,53.2320871,8.5149735
3320474972,53.232174,8.514892
3320474979,53.2323066,8.5110322
3320474983,53.2323714,8.5140553
3320474985,53.232386,8.5152147
3320474989,53.232433,8.514583
3320474990,53.2324542,8.5140323
3320474991,53.2324617,8.5109872
3320474997,53.2325891,8.5109657
3320475011,53.2327712,8.5109646
3320475027,53.2329541,8.5127704
3320475034,53.2330455,8.5123506
3320475035,53.2330922,8.5121286
3320475036,53.2331016,8.5116914
3320475037,53.2331057,8.5119013
3388224633,53.2128034,8.6554462
3388224634,53.2141332,8.6535501
3394334145,53.2305211,8.6576325
3505615919,53.2332315,8.5442362
3505615922,53.2334924,8.5466017
3505615923,53.2334946,8.546231
3505615933,53.2348671,8.5191628
3505616164,53.2384483,8.5475868
3505616168,53.2384698,8.5477686
3521694708,53.23367,8.5139033
3521694731,53.233945,8.5138423
3521694760,53.2341741,8.5140126
3521694773,53.2344665,8.5216965
3521694774,53.2344832,8.5153222
3521694775,53.2344832,8.516148
3521694778,53.2345028,8.5156391
3521694780,53.2345056,8.5217351
3521694808,53.2346605,8.5202786
3521694838,53.2347642,8.5200168
3521694862,53.2348625,8.5190417
3521694869,53.2348884,8.5220897
3521694892,53.2349474,8.5221049
3524071445,53.2320933,8.5219029
3524071447,53.2321151,8.5195361
3524071449,53.232121,8.520949
3524071713,53.2323448,8.5170801
3524071720,53.2323539,8.5168658
3524071890,53.2331249,8.523468
3524071898,53.2332049,8.5230482
3524071917,53.2332884,8.5228547
3524071989,53.2335278,8.5265119
3524072054,53.233768,8.5265375
3524072064,53.2337957,8.5138737
3524072081,53.2338651,8.5265716
3524072167,53.2341564,8.5267751
3524072281,53.2344943,8.5164075
3558486403,53.2282012,8.5261058
3577147056,53.2163952,8.6006735
3577147105,53.2178649,8.601571
3577147106,53.2179416,8.601928
3606044798,53.2127708,8.6046491
3606044802,53.2128041,8.60551
3606044832,53.2131971,8.607682
3606044841,53.2133809,8.6084699
3606045788,53.2211799,8.6725061
3611725602,53.2223897,8.5294911
3611725608,53.2225422,8.5303899
3611725701,53.2281893,8.5257682
3611725705,53.228223,8.5254175
3611725712,53.2282806,8.5249905
3611725728,53.228591,8.522091
3612809958,53.2169922,8.6041628
3612809964,53.2170255,8.6048009
3612809989,53.2173422,8.6057104
3612810014,53.2177357,8.6078674
3612810030,53.2179205,8.6071592
3612810127,53.2227689,8.5954808
3612810134,53.2228578,8.5934866
3612810370,53.2243473,8.6044713
3612810382,53.224537,8.5965683
3612810427,53.2250515,8.6038335
3612810488,53.2255833,8.5910775
3612810491,53.2256432,8.6036577
3612810499,53.2257454,8.6033763
3612810504,53.2257867,8.6032899
3612810548,53.2264572,8.598286
3612810566,53.226557,8.5981856
3612810723,53.2279205,8.5946359
3612810738,53.2279756,8.597307
3612810861,53.2300406,8.5959776
3612810870,53.2302081,8.5967902
3612810909,53.2308605,8.6000912
3612810910,53.2308619,8.6072279
3612810912,53.2309141,8.5952036
3612810922,53.2309939,8.6007224
3612810925,53.2310569,8.6070751
3612810934,53.2311693,8.5952093
3612810955,53.2314317,8.6066464
3612810960,53.2315279,8.601483
3614971228,53.217088,8.6089454
3614971231,53.2171262,8.6085366
3614971304,53.2225553,8.6105132
3614971552,53.231326,8.6012329
3614971700,53.2350966,8.5986417
3614971702,53.2352691,8.5982092
3614971708,53.2354019,8.597675
3614971711,53.2354593,8.5973168
3614971793,53.2411609,8.5909893
3614971800,53.2414975,8.5909256
3614971802,53.2416742,8.5908133
3614971807,53.242031,8.5906621
3616383541,53.2225123,8.6032747
3616383633,53.2245735,8.6028561
3616383669,53.2280303,8.5882794
3616383904,53.2328203,8.531146
3616383905,53.2333178,8.5311256
3616383906,53.2334291,8.531113
3616383907,53.2335362,8.5310647
3616383908,53.2340283,8.5302835
3616383909,53.2340796,8.5302301
3617534160,53.221649,8.6622328
3617535138,53.2240377,8.6634984
3617535289,53.226163,8.6260564
3617535291,53.2261736,8.6226999
3617535399,53.2262482,8.6209735
3617535427,53.2264354,8.6274057
3617535431,53.2264785,8.6277513
3617535457,53.2266878,8.6202956
3617535503,53.2269996,8.6233381
3617535530,53.2272034,8.6235131
3617535571,53.2274543,8.6235992
3617535668,53.2279947,8.6593611
3617535700,53.2281741,8.6236396
3617535724,53.2283557,8.6238507
3617535787,53.2286628,8.6335961
3617535792,53.2286943,8.6603109
3617535805,53.2287888,8.6336025
3617535829,53.2290264,8.6336818
3617535869,53.2292805,8.6260721
3617535870,53.2292807,8.633729
3617536040,53.2297889,8.6335602
3617536074,53.2299254,8.6324578
3617536129,53.2302835,8.628911
3617536194,53.2312626,8.6552455
3617536276,53.231971,8.6540268
3617536313,53.2322593,8.6351416
3617536329,53.2323281,8.6542136
3617536352,53.2324231,8.6355711
3617536387,53.2327259,8.6542292
3618231508,53.2158403,8.6203202
3618231526,53.2163306,8.6187559
3618231529,53.2164365,8.6179936
3618231689,53.220005,8.6253592
3618372336,53.2164706,8.6171965
3649750848,53.2268008,8.6028683
3649750849,53.2269166,8.6028158
3649750887,53.2312736,8.5875961
3649750888,53.2312779,8.5865279
3649750979,53.2339394,8.5820144
3651469963,53.2291752,8.5042933
3651583559,53.2248271,8.5827412
3651583654,53.22597,8.5837943
3651583655,53.2265959,8.5837977
3651583749,53.2382157,8.5631873
3651583763,53.2385072,8.5478269
3651583766,53.2385584,8.5597631
3651583779,53.2390977,8.5562961
3651583794,53.2400147,8.5547761
3651583844,53.2435191,8.5601334
3651583848,53.2438052,8.5602231
3651583849,53.2439727,8.5602235
3651583850,53.244202,8.5604787
3651583867,53.2469838,8.5583791
3651583875,53.247414,8.557349
3651583883,53.2477678,8.5572037
3651583889,53.2479715,8.5571696
3651583900,53.2486661,8.5574071
3651583904,53.2488748,8.5575949
3651583908,53.2489493,8.5577451
3651583911,53.2490142,8.5579485
3651583913,53.2490727,8.5581959
3651583919,53.2491807,8.5585601
3651583932,53.2495113,8.5591371
3651583936,53.2496616,8.5593171
3659407340,53.2260369,8.5908908
3659407361,53.2262331,8.5908384
3659407363,53.2263831,8.5908271
3659407374,53.2268474,8.590833
3659407377,53.2269521,8.5907731
3659407388,53.2273502,8.5933086
3659407391,53.2274389,8.5904356
3659407398,53.2276271,8.5903741
3659407399,53.227806,8.5903624
3659407404,53.2278973,8.5903835
3659410060,53.226521,8.5927339
3659410061,53.2265422,8.5927964
3659410068,53.2301225,8.5914817
3659412615,53.2313099,8.5909516
3659424128,53.2313906,8.5915385
3659426643,53.2315377,8.5924974
3659426645,53.2315599,8.5926427
3712082295,53.2194097,8.5891572
3714229969,53.2267652,8.5932364
3714229975,53.2268458,8.5936728
3714230020,53.2272635,8.591941
3714230032,53.2274104,8.5919133
3714230067,53.2277753,8.5932083
3724245256,53.2301145,8.5963361
3724245309,53.2308139,8.599862
3724700513,53.2294305,8.5949752
3724710913,53.2287478,8.5944615
3724710914,53.2287419,8.5946076
3724710919,53.2290806,8.5949029
3724710920,53.2300482,8.5950964
3724710924,53.230425,8.5951512
3724712127,53.2310929,8.5952076
3728706196,53.2429379,8.5869226
3728706198,53.2425816,8.5896085
3731827176,53.2226619,8.6229781
3731827181,53.2231302,8.6226201
3731827209,53.2247396,8.6220422
3731827228,53.2258588,8.6222737
3731827229,53.2258812,8.6214209
3731827281,53.2282441,8.6236939
3731827324,53.2316172,8.6063887
3731827342,53.2319546,8.6058533
3731827371,53.233643,8.6020613
3731827382,53.2347755,8.5994092
3733031437,53.2309277,8.5214723
3733031580,53.2315423,8.5310185
3733031790,53.2318562,8.5241712
3733032028,53.2339415,8.5304072
3733032087,53.2346995,8.528426
3733032089,53.2347053,8.5286326
3733032090,53.2347205,8.5276388
3733032129,53.2350033,8.5300756
3733032135,53.2350822,8.5303215
3733032204,53.2359236,8.5331723
3733032241,53.2370415,8.5342512
3733032242,53.2375212,8.5343491
3733032243,53.2380525,8.5343071
3733032245,53.2381879,8.5345493
3868146317,53.2303526,8.6790758
3903320856,53.2298412,8.6414679
3903320857,53.2275208,8.6425496
3906345133,53.2297982,8.537418
3906345137,53.229832,8.5315201
3906345285,53.2301209,8.5367153
3906345296,53.2301575,8.5312983
3906345368,53.2305413,8.5385149
3906345442,53.2309416,8.5376595
3906345568,53.2310324,8.5344997
3906345578,53.2310693,8.5393969
3906345592,53.2312251,8.5346433
3906345680,53.231605,8.5323798
3906345879,53.2320799,8.5408343
3906345906,53.232185,8.5407787
3906345931,53.2322581,8.5406632
3906345963,53.2324151,8.5403233
3906345968,53.2324749,8.5402633
3906346010,53.2345616,8.5363877
3906346012,53.2348343,8.5362684
3906346019,53.2350216,8.5361747
3906346040,53.2354383,8.5350634
3906346419,53.2381088,8.5343291
3906346421,53.2381782,8.5344676
3960673989,53.2333652,8.5375881
3960674000,53.2334035,8.5464064
3972515570,53.2243444,8.5724806
3972515909,53.2242745,8.5743692
3975057030,53.2141989,8.6096951
3975057070,53.2154565,8.6108404
3975057096,53.2158251,8.6111799
3975057129,53.216454,8.617584
3975057680,53.2242607,8.5827685
3978240139,53.2312814,8.5837897
3978242004,53.2317568,8.5804796
3978242158,53.2329883,8.5812251
3978242171,53.233122,8.5822334
3982897458,53.2279002,8.5883235
3982897465,53.2279873,8.5882939
3994145696,53.2180987,8.5947738
3994145697,53.218116,8.5945066
3994145717,53.2249456,8.593946
3994145755,53.2298233,8.539628
3994145860,53.2315217,8.5441438
3994145902,53.2420042,8.5709133
3994145904,53.2423588,8.5714702
3994145906,53.2424683,8.5715524
3994145907,53.2426297,8.5712362
3994145910,53.2281244,8.5373776
3999644414,53.2162452,8.5868123
3999644416,53.2164,8.5878558
3999644417,53.2164137,8.5879202
3999644424,53.2164771,8.5871983
3999644427,53.2164903,8.5872975
3999645269,53.2167762,8.5861945
3999645308,53.2168989,8.5877682
4008470858,53.2247749,8.588548
4008470859,53.2247929,8.5902283
4008470864,53.2248944,8.5899299
4009282836,53.2241477,8.5785355
4009282853,53.2244334,8.5879106
4009282854,53.224459,8.5878852
4009282857,53.2244734,8.5868484
4009282859,53.2244838,8.5878799
4009282861,53.224499,8.5865995
4009282862,53.2245054,8.5878906
4009282864,53.2245248,8.5879409
4009282867,53.2245535,8.5863574
4009282874,53.2246416,8.5861754
4009282879,53.2247545,8.5860898
4009282893,53.2249003,8.5861059
4009282899,53.2250052,8.5841994
4009282900,53.2250469,8.5897416
4009282905,53.225131,8.5896733
4009282906,53.2252403,8.5862402
4009282908,53.2252455,8.5857768
4009282909,53.2252551,8.5856095
4009282910,53.2252884,8.5862439
4009282911,53.2253048,8.5853165
4009282914,53.2253465,8.5890914
4009282923,53.2255066,8.5845058
4009282924,53.2255353,8.5862628
4009282929,53.2255715,8.5839613
4009282940,53.225619,8.5827106
4009282952,53.2256837,8.5862647
4009283046,53.226222,8.5823654
4009283066,53.2263201,8.589174
4009283079,53.2263678,8.5862685
4009283099,53.2264641,8.5863253
4009283101,53.2264763,8.5875846
4009283118,53.2266124,8.5865164
4009283121,53.2266384,8.5855414
4009283143,53.2267106,8.5821754
4009283146,53.2267473,8.5866826
4009283188,53.2271271,8.5821433
4009283198,53.2274234,8.5850598
4009283199,53.2274362,8.5851334
4009283200,53.2274466,8.5822357
4009283201,53.2274466,8.5844725
4009283202,53.2274578,8.5848351
4009283204,53.2274706,8.5843321
4009283208,53.2275027,8.5832056
4009283209,53.2275043,8.5828082
4009283211,53.2275283,8.5842732
4009283223,53.2277188,8.5824072
4009283224,53.2277222,8.5903646
4009283225,53.2278357,8.58245
4009283234,53.2280401,8.5852043
4009283235,53.2282914,8.5904996
4009283236,53.2283723,8.5824019
4009283241,53.2285904,8.5904391
4009283261,53.2287838,8.5834441
4009283264,53.2287979,8.5840833
4009283273,53.2288916,8.5902404
4009283291,53.2289551,8.5901496
4009283297,53.2289947,8.5898639
4009283298,53.2289947,8.5899793
4009283379,53.2295733,8.585069
4009283496,53.2298224,8.5854303
4009283498,53.2298809,8.589435
4009283502,53.2299923,8.5859659
4009283503,53.2300428,8.5863991
4009283504,53.2300652,8.5845228
4009283521,53.2302237,8.5846969
4009283545,53.2304963,8.5901476
4011967792,53.2254827,8.5895199
4011967794,53.225604,8.5894736
4011967817,53.2259579,8.5893385
4011968138,53.2268514,8.5943842
4011968297,53.2273974,8.5945001
4011968869,53.2299917,8.5908318
4011977209,53.2315836,8.5927968
4042272985,53.2219783,8.603487
4042273097,53.2225039,8.6032248
4052985098,53.2707537,8.596785
4052985117,53.2715381,8.5969634
4052985118,53.2716111,8.5967568
4052985119,53.2720843,8.5961788
4052985120,53.2722439,8.5959052
4052985123,53.2725855,8.5952655
4052985127,53.2727098,8.5950644
4052985146,53.2736249,8.5942248
4065404763,53.2461642,8.6764303
4114736046,53.2249294,8.6219902
4381934140,53.2159643,8.5898401
4381934152,53.2160221,8.5898401
4381934209,53.2161956,8.5897033
4381934242,53.2162791,8.5895692
4381934310,53.2164718,8.5889201
4381934336,53.2170066,8.5872867
4383400284,53.2163242,8.5993532
4383400459,53.2166077,8.5984399
4383400533,53.2172164,8.5985123
4383400606,53.2172419,8.5956846
4384405758,53.2708057,8.5992452
4384405761,53.2710329,8.5991555
4384594955,53.2428361,8.5905617
4384594958,53.2345695,8.5951093
4384594959,53.2346963,8.5951058
4384594963,53.2194823,8.5892366
4384594964,53.2201809,8.5900243
4384594965,53.2388314,8.5928909
4384594966,53.2395153,8.5924992
4384594967,53.2510528,8.5961101
4384594968,53.2517221,8.5963957
4384594969,53.2276128,8.5884293
4384594977,53.257294,8.5993657
4384594978,53.2716047,8.5978675
4384594979,53.2716436,8.5982824
4400999446,53.2277452,8.5883725
4426463321,53.2264581,8.5942955
4426463322,53.2265501,8.5943183
4438741612,53.2193384,8.6030359
4438741627,53.2194411,8.6039894
4438741652,53.2195471,8.6025652
4438741665,53.2197093,8.6042094
4438741666,53.2197122,8.6000515
4438741672,53.2197342,8.6019536
4438741676,53.219777,8.6006744
4438741679,53.2198025,8.6015419
4438741681,53.2198087,8.6010893
4438741714,53.2199968,8.6024659
4438741723,53.2200771,8.6042898
4438741741,53.2201815,8.6025276
4438741752,53.2203646,8.6025625
4441620148,53.2196493,8.6041754
4441620490,53.2205262,8.6025901
4441620495,53.2205848,8.6042708
4441620542,53.2213477,8.6042296
4441620579,53.2216776,8.602484
4441620612,53.2219209,8.6041912
4441620613,53.2219482,8.6041591
4441620615,53.2219659,8.6030728
4441620617,53.2219739,8.6039485
4454597068,53.2298367,8.6078223
4454597069,53.2301757,8.6077031
4559095755,53.2202349,8.5996244
4559098218,53.2210364,8.5970699
4559098219,53.2204519,8.5972308
4559098220,53.2183722,8.5962062
4559098221,53.2182003,8.5955572
4559098222,53.2193679,8.5994061
4559098223,53.2191896,8.5984191
4559098224,53.2194707,8.5976922
4559098225,53.2197887,8.5975125
4559098279,53.2199201,8.6024258
4559098280,53.2200948,8.6008315
4559098282,53.220258,8.6025463
4559098288,53.2208169,8.6006688
4559098489,53.2213155,8.6021346
4559098490,53.2212304,8.6015325
4559098491,53.2211581,8.6011382
4559098492,53.2210586,8.6008431
4559098493,53.2208594,8.6006661
4559098494,53.2206723,8.600701
4559098525,53.217792,8.5984077
4559098526,53.2174017,8.5985257
4559098527,53.2176105,8.5984828
4559098528,53.2181646,8.598177
4559098529,53.2184071,8.5979785
4559099100,53.2181461,8.5943026
4586326643,53.2228856,8.5934779
4586326644,53.2229153,8.5934899
4597558978,53.2277592,8.6015024
4597558987,53.2294497,8.6079169
4597558998,53.229453,8.6140256
4597558999,53.2295758,8.6129929
4597559568,53.21858,8.596722
4597559666,53.2193884,8.5995971
4597559669,53.2192231,8.5985648
4597559731,53.2206622,8.5995059
4681483008,53.2460094,8.5814231
4767022961,53.2358703,8.5948269
4796275320,53.2411294,8.5861958
4796276251,53.226155,8.5985858
4995541201,53.2209964,8.6617466
4995541213,53.2191424,8.6584052
4995541216,53.2171114,8.6541413
4995541217,53.2195092,8.6591446
4995541219,53.217426,8.6733985
4995541349,53.2172139,8.6543549
4995541353,53.2189625,8.6579954
5097376026,53.2429978,8.5876116
5483590828,53.2260128,8.5977203
5483590829,53.2266758,8.5989949
5483590831,53.2286744,8.6530812
5483590832,53.2284786,8.6504331
5483590834,53.2286517,8.6522097
5483590838,53.2306224,8.6682249
5761929303,53.2347014,8.5284921
5864458390,53.2821747,8.6317708
6032556026,53.227502,8.6385331
6032556027,53.2291532,8.6418112
6032556028,53.2339732,8.6396024
6032556029,53.2378628,8.6381225
6032556030,53.2327007,8.6403152
6032556031,53.2326726,8.6401489
6032556032,53.2415002,8.6372709
6032556033,53.2414769,8.6370966
6032556036,53.2503862,8.6356871
6032556037,53.2503766,8.6354953
6032556038,53.2593859,8.63562
6032556039,53.2593891,8.6354162
6032556042,53.2682593,8.636198
6032556043,53.2682593,8.6360076
6032556044,53.2771855,8.63447
6032556045,53.2771578,8.634295
6032600288,53.2241049,8.6449742
6032600289,53.2240551,8.6447865
6032600292,53.2232378,8.6453367
6032701198,53.2090787,8.660877
6032701199,53.2089912,8.6607503
6032701202,53.2160663,8.6516472
6032701203,53.2160072,8.6514907
6033266440,53.2260687,8.6437619
6033266441,53.2218976,8.6465125
6033266442,53.2178129,8.6499149
6033279034,53.2269021,8.643263
6181956614,53.2175906,8.6551626
6188628670,53.2345642,8.5168987
6518632597,53.2425015,8.5888893
6754297380,53.2237452,8.5936274
6900156985,53.2301434,8.6827099
6900156986,53.230827,8.6694615
6900156987,53.2307299,8.67266
6900156989,53.2274592,8.6350715
6900156990,53.2266211,8.6299297
6904008355,53.2311749,8.6694547
6904008358,53.2319197,8.6343065
6904008360,53.2298896,8.6271823
7110480373,53.2706686,8.5967666
7110571785,53.2540519,8.6014301
7110571787,53.2518828,8.6025193
7260051365,53.2445775,8.5891409
7260704127,53.2571547,8.5914389
7260704133,53.2571589,8.5901046
7265437682,53.2430039,8.5743035
7281500463,53.2433616,8.5799168
7281757527,53.230277,8.5403748
7281757528,53.2300497,8.5408201
7281757529,53.2298143,8.5412971
7281757530,53.2299637,8.5398591
7281757533,53.2316021,8.5426111
7287872878,53.2285517,8.5116476
7298683137,53.2303866,8.667222
7303932182,53.2203498,8.5902157
7306362540,53.2198993,8.59746
7306362542,53.2199343,8.5974434
7311852340,53.2466774,8.5591583
7371948495,53.227177,8.5364045
7371948496,53.2268737,8.5371185
7371948497,53.227141,8.5364893
7379031754,53.2733452,8.59443
7389055360,53.2306263,8.5409396
7436547017,53.2226337,8.5992019
7452809987,53.2401455,8.5919966
7452809994,53.2398912,8.5922031
7467720590,53.2221281,8.6009605
7477481905,53.2411597,8.5830806
7482088700,53.2199606,8.5946654
7491023699,53.2337673,8.5820605
7509532906,53.2546677,8.5657049
7510957052,53.2176597,8.5955663
7510957054,53.2173243,8.59949
7510957056,53.2173281,8.5990427
7510957059,53.2163244,8.5993317
7521606988,53.2352725,8.5221348
7540421115,53.2379832,8.6541171
7544991103,53.2264755,8.5356329
7548099713,53.2344909,8.5206524
7556529042,53.2577662,8.5886925
7556529044,53.2576323,8.5887973
7599710125,53.2489663,8.5974828
7603062783,53.2720467,8.6083436
7603247402,53.2309588,8.5952046
7604152177,53.2324656,8.5340816
7628594030,53.2180416,8.5982608
7631434069,53.2226275,8.6039311
7662839549,53.2352056,8.5306497
7673691099,53.2323591,8.5166611
7764022271,53.2490803,8.5971047
7764712214,53.2385558,8.6542421
7785881443,53.2225929,8.5954399
7811511059,53.2296445,8.512196
7811531153,53.2315439,8.5425114
7811531154,53.2313313,8.5429864
8076542509,53.2382186,8.5637961
8193746095,53.2209585,8.5909056
8218744539,53.2304974,8.5110179
8218744541,53.2291985,8.5101086
8218744545,53.2291787,8.5098947
8218744549,53.2290493,8.5118949
8218744554,53.2280849,8.5114193
8218941979,53.2213251,8.6022006
8218941981,53.221227,8.6015138
8228177326,53.2297916,8.5887503
8228247047,53.2421505,8.5906378
8228247052,53.2416975,8.5908017
8228324635,53.2301256,8.5353985
8230323832,53.2298434,8.5229346
8231349619,53.2316824,8.5337681
8233428045,53.2245797,8.5649397
8240300486,53.2528311,8.5795281
8240300500,53.2523695,8.5806182
8247824228,53.2332973,8.5424783
8247962973,53.248314,8.5948399
8250853081,53.2300815,8.5307336
8250853082,53.2299069,8.530864
8250853083,53.2296842,8.5310217
8251526827,53.2188134,8.5925171
8251526830,53.2183643,8.5961814
8252088866,53.2297747,8.5185088
8259252013,53.2163302,8.5987183
8365790740,53.2341391,8.5249306
8404678655,53.2275804,8.5368189
8424288881,53.2321058,8.5215789
8496452286,53.2280905,8.5373428
8497197098,53.2245419,8.5663955
8497197100,53.2245775,8.5650259
8497209545,53.224403,8.5709891
8497801694,53.2241289,8.5791771
8497801695,53.2241252,8.5793225
8497801696,53.2241476,8.5785401
8497801697,53.2240331,8.5827954
8497801704,53.2242921,8.5937846
8497801705,53.2242198,8.5951584
8497801706,53.2235802,8.5935563
8497810532,53.2234697,8.5935087
8497810534,53.2234866,8.5935159
8497810535,53.2230472,8.5945269
8497810539,53.2279062,8.5973074
8506826402,53.2263233,8.5984553
8556998466,53.2347296,8.518058
8557247754,53.230155,8.5951119
8559075396,53.2327325,8.5823344
8559857224,53.2320994,8.540824
8560316271,53.2738566,8.5940784
8560449017,53.2254606,8.5342337
8560643841,53.2221794,8.6012677
8589581781,53.2439021,8.6771424
8599320826,53.2295902,8.5950082
8599320828,53.2299493,8.5950792
8599390480,53.2220981,8.5921964
8599390481,53.2197516,8.5895428
8599880883,53.2247577,8.590871
8599880885,53.2247629,8.59058
8599880886,53.2248085,8.590149
8599880887,53.2247832,8.5903069
8599880888,53.2248592,8.5900058
8599880889,53.2249342,8.5898672
8599880890,53.228028,8.5882803
8599880893,53.2434216,8.5906023
8599880894,53.2439316,8.5900247
8599880895,53.2437762,8.5901936
8599880896,53.2436954,8.5902085
8599880897,53.2436239,8.5902053
8599880898,53.2435551,8.5902287
8599880899,53.2435173,8.5902605
8599880900,53.2435444,8.5906789
8599880901,53.2432653,8.590243
8599880904,53.2428021,8.5905643
8599880905,53.2433375,8.5901706
8599880906,53.2433942,8.5901716
8599880907,53.2434418,8.5902039
8599880908,53.2434985,8.5903359
8599880909,53.2435121,8.5906337
8599880911,53.241665,8.587216
8599880912,53.2417101,8.587315
8599880913,53.2416844,8.5872321
8599880914,53.2417049,8.5872805
8599880915,53.2416413,8.5872116
8599880916,53.2417141,8.5893687
8599884317,53.2417043,8.5894273
8599884318,53.2416869,8.5894403
8599884319,53.2417134,8.5893897
8599884320,53.2416948,8.5894351
8599884321,53.241709,8.5894189
8599884322,53.2425577,8.5895608
8599884323,53.2426132,8.5896109
8599884324,53.2425658,8.5895934
8599884325,53.2425978,8.5896119
8599884327,53.2423676,8.5870059
8599884329,53.2429463,8.5869637
8599884330,53.2429164,8.5869096
8599884335,53.2446777,8.5854123
8599884336,53.244697,8.5854389
8599884337,53.244648,8.5853992
8599884338,53.2448855,8.5872994
8599884339,53.2444109,8.5874373
8599884340,53.2448973,8.5872769
8599884341,53.2454746,8.5853676
8599884342,53.2454304,8.5854212
8599884343,53.2454249,8.5854658
8599884344,53.245426,8.5854415
8599884345,53.245458,8.5853783
8599884346,53.245435,8.5854065
8599884347,53.2449751,8.5840713
8599884348,53.2449349,8.5840081
8599884349,53.2449951,8.5840712
8599884350,53.2446272,8.5821663
8835557303,53.2206015,8.5971813
8835557308,53.2209005,8.5994398
8835597808,53.2508589,8.5960274
8835624918,53.2512201,8.5961815
8835920577,53.2275784,8.5974756
8837567030,53.2259564,8.5350227
8837567036,53.2256871,8.5345942
8837648426,53.2312697,8.5952055
8837807941,53.2559188,8.5985543
8838177872,53.2323678,8.6648289
8838181443,53.2252892,8.5931915
8838245823,53.2295619,8.5886119
8838362316,53.2294718,8.6926556
8848944167,53.2297971,8.4943516
8848944168,53.2298501,8.4941504
8848944169,53.229956,8.4938071
8872036355,53.2165146,8.5858998
8872036357,53.2167336,8.5861465
8872107204,53.2308038,8.5892918
8872294353,53.2393706,8.5950916
8872343337,53.2246378,8.5957262
8872343353,53.223906,8.5950832
8872343354,53.2246547,8.5952998
8903808666,53.2509546,8.5911074
8936620118,53.2167484,8.6158705
8937537529,53.2318839,8.5133434
8938534239,53.2189641,8.6015114
8938534242,53.2192959,8.6016085
8954052464,53.2573699,8.5890326
8976910621,53.2250802,8.5335397
8976910624,53.2254979,8.5342931
8998142981,53.2315309,8.5307406
9023324178,53.2571609,8.5921866
9023324187,53.2584972,8.5881227
9045736128,53.2175107,8.6013156
9048379283,53.2312691,8.5898026
9048379288,53.2316748,8.5933685
9052984957,53.2282183,8.6485475
9053773869,53.2564676,8.5684343
9343668670,53.2411391,8.5851937
9343668672,53.2434316,8.5798544
9357248418,53.2315511,8.5312303
9357248420,53.2315519,8.5312492
9362486955,53.2579174,8.5988979
9362620893,53.2530316,8.5621718
9362620894,53.2523512,8.5616434
9362620895,53.2518153,8.5615683
9362620896,53.2519196,8.561689
9362620897,53.2521057,8.5619384
9362620898,53.2530284,8.5637864
9362620899,53.2534601,8.5631534
9362620900,53.2535901,8.5633036
9362620931,53.2557288,8.5682672
9362620932,53.2552432,8.5673145
9362620937,53.2544761,8.5682434
9362620940,53.2547221,8.5691483
9362620942,53.2542351,8.5678582
9362620945,53.2538007,8.5667657
9362620946,53.2540946,8.5637161
9362620947,53.2552514,8.5637425
9362620948,53.2556707,8.5637168
9401967117,53.2273691,8.6645701
9401967121,53.2252939,8.6639221
9401967127,53.2240096,8.6634869
9426171348,53.2700378,8.5966599
9655380816,53.2328894,8.6649155
9719687179,53.2287001,8.5948172
9719687187,53.22845,8.594759
9879077381,53.2225056,8.5926364
9879077382,53.2226467,8.5927888
9879077385,53.2297095,8.5950329
9879077387,53.2291076,8.5949085
9879435081,53.2246402,8.5956944
9881698608,53.2222623,8.5953648
9881698611,53.2225526,8.5954308
9881698615,53.2233148,8.5962857
9881702120,53.2222098,8.5953529
9881702123,53.2226855,8.5954614
9881702128,53.2231793,8.5961709
9881702131,53.2229585,8.5956704
9881702151,53.2218783,8.5922746
9885506926,53.2337885,8.6660853
9910300969,53.2348552,8.5195602
9910300970,53.2338751,8.5219614
9910300971,53.2340541,8.5215858
9910300972,53.23308,8.5258446
9910300973,53.2330932,8.52597
9947474248,53.2318842,8.5355831
10008080144,53.2244609,8.5938272
10008080154,53.2243195,8.5937915
10015391588,53.2252884,8.5929983
10015391590,53.2252898,8.5932195
10015391591,53.225057,8.5939692
10015391597,53.2252385,8.5962772
10123547991,53.2480627,8.6175358
10123547992,53.2468325,8.6190369
10123547993,53.2465689,8.6196514
10123547994,53.2457408,8.6203068
10123547995,53.2451911,8.6203825
10123547996,53.2448887,8.620575
10225303099,53.2234814,8.5949784
10225303106,53.2231234,8.5951505
10225303107,53.2237129,8.5950355
10225303111,53.2234309,8.5963174
10225303113,53.2235704,8.5963555
10225312230,53.2244556,8.5965902
10225360485,53.2229796,8.5941734
10225360494,53.223164,8.5949068
10230427178,53.2237476,8.596404
10589473161,53.2442436,8.6212576
10589473184,53.2145422,8.6100078
10591450929,53.2478793,8.6101361
10591450934,53.2478231,8.6110518
10603808382,53.2274508,8.6409898
10658444559,53.2201755,8.6099905
10746565207,53.2230694,8.6101838
10746565213,53.2234895,8.6085534
10749299045,53.2234161,8.6082266
10763897130,53.2407415,8.6006229
11068258668,53.2713711,8.599022
11148110924,53.2251292,8.62245
11148110925,53.225097,8.622128
11148110926,53.2250777,8.6219376
11148110927,53.2249293,8.6222031
11148110928,53.2250367,8.6223283
11148436997,53.2209355,8.6042519
11424680920,53.2297605,8.4946118
